<?xml version="1.0" encoding="UTF-8"?>
<project-private xmlns="http://www.netbeans.org/ns/project-private/1">
    <editor-bookmarks xmlns="http://www.netbeans.org/ns/editor-bookmarks/2" lastBookmarkId="0"/>
    <open-files xmlns="http://www.netbeans.org/ns/projectui-open-files/2">
        <group>
            <file>file:/C:/Users/Emile%20Bex/Documents/Cours/EDTSalle/EDTSalle/src/ClassRoom.php</file>
            <file>file:/C:/Users/Emile%20Bex/Documents/Cours/EDTSalle/EDTSalle/src/Rooms.php</file>
            <file>file:/C:/Users/Emile%20Bex/Documents/Cours/EDTSalle/EDTSalle/src/style.css</file>
            <file>file:/C:/Users/Emile%20Bex/Documents/Cours/EDTSalle/EDTSalle/src/index.php</file>
            <file>file:/C:/Users/Emile%20Bex/Documents/Cours/EDTSalle/EDTSalle/src/Room.php</file>
            <file>file:/C:/Users/Emile%20Bex/Documents/Cours/EDTSalle/EDTSalle/src/ListClassRooms.php</file>
            <file>file:/C:/Users/Emile%20Bex/Documents/Cours/EDTSalle/EDTSalle/src/ScheduleRoom.php</file>
            <file>file:/C:/Users/Emile%20Bex/Documents/Cours/EDTSalle/EDTSalle/src/Calendar.php</file>
        </group>
    </open-files>
</project-private>
